Class Year,Height,Hometown,Name,Number,Position,Roster,School,Team,Weight (LBS)
SO, 6'3," GLENDALE, AZ",MARQUES COLEMAN,22.0,G,2009-2010, CACTUS,Men's Basketball,185
FR, 6'7," DOVER, DE",DOCKERY WALKER,3.0,F,2010-11,WESTTOWN (PA), Men's Basketball ,215
FR, 6'2," EL PASO, TX",CHRISTIAN GORE,1.0,G,2011-12,FRANKLIN, Men's Basketball ,175
JR, 6'3," LONGMEADOW, MA",PATRICK DONNELLY,12.0,G,2011-12,PHILLIPS EXETER ADACEMY, Men's Basketball ,185
FR, 6'5,"SANARU-ZARIA, NIGERIA",LONGI YILJEP,21.0,G,2011-12,WESTTOWN (PA), Men's Basketball ,185
JR, 6'8," SUDBURY, MA",ANDREW MCCARTHY,23.0,F,2011-12,NORTHFIELD MT. HERMON, Men's Basketball ,210
JR, 6'4," HIGHLAND PARK, IL",TELLEF LUNDEVALL,25.0,F,2011-12,PHILLIPS ANDOVER ACADEMY, Men's Basketball ,210
JR, 6'8," BROOKLINE, MA",TUCKER HALPERN,33.0,F,2012-13,NOBLE & GREENOUGH, Men's Basketball ,220
FR, 6'7," INGLEWOOD, CA",LELAND KING,2.0,F,2013-14,BRENTWOOD SCHOOL, Men's Basketball ,215
FR, 6'4," SPRING LAKE, NJ",NORMAN HOBBIE,12.0,G,2013-14,MANASQUAN, Men's Basketball ,185
FR, 6'4," WINSTON SALEM, NC",MATTY MADIGAN,14.0,G,2013-14,MOUNT TABOR, Men's Basketball ,190
JR, 6'1," LOS ANGELES, CA",ZEVE SANDERSON,32.0,G,2013-14,FRANKLIN, Men's Basketball ,180
FR, 6'5," COOPER CITY, FL",JASON MASSEY,25.0,G,2014-15,AMERICAN HERITAGE, Men's Basketball ,200
SO, 6'3," COOPER CITY, FL",JUSTIN MASSEY,2.0,G,2015-16,AMERICAN HERITAGE, Men's Basketball ,190
SO, 6'1," WEST CHESTER, OH",TYLER WILLIAMS,15.0,G,2015-16,LAKOTA WEST, Men's Basketball ,190
JR, 6'10," SAN ANTONIO, TX",ARAM MARTIN,20.0,F,2015-16,THE MILLER SCHOOL OF ALBEMARLE, Men's Basketball ,200
SO, 6'1," BARRINGTON, RI",COREY DAUGHERTY,22.0,G,2016-17,BARRINGTON, Men's Basketball ,165
JR, 6'7," BOUNTIFUL, UT",BLAKE WILKINSON,23.0,F,2016-17,VIEWMONT, Men's Basketball ,235
JR, 6'6," DUBUQUE, IA",KYLE HABER,24.0,F,2016-17,DUBUQUE SENIOR, Men's Basketball ,190
JR, 6'8," NORTH RIVERSIDE, IL",MIKI LJUBOJA,30.0,F,2016-17,PHILLIPS EXETER ACADEMY, Men's Basketball ,225
FR, 6'11," HOUSTON, TX",BRANDON CHARNOV,34.0,C,2016-17,KINKAID, Men's Basketball ,250
SO, 6'9," SYKESVILLE, MD",DAVID EREBOR,10.0,F,2017-18,OUR LADY OF CARMEL SCHOOL, Men's Basketball ,230
SO, 6'4," NASHVILLE, TN",DESMOND CAMBRIDGE,24.0,G,2018-19,THE HUN SCHOOL (NJ), Men's Basketball,180
